n,seed,optimal,n_evals,f,alg,imp_div_evals,imp_div_evals_new,imp_minus_evals
1000,10,1,3051,1000,dyn_theory,4.941041587016365,-9.896089972928761,-3000
1000,11,1,2912,1000,dyn_theory,4.9368988760609644,-8.5721593944261,-2861
1000,1,1,3306,1000,dyn_theory,4.981669941336785,-8.125272091660488,-3255
1000,12,1,4001,1000,dyn_theory,4.934784518313929,-10.627014282094523,-3950
1000,13,1,2580,1000,dyn_theory,4.85609240976888,-6.966768552272575,-2529
1000,14,1,4718,1000,dyn_theory,5.11569643385294,-9.255734137302277,-4667
1000,15,1,2770,1000,dyn_theory,5.040790878605279,-7.422749573947414,-2719
1000,16,1,3012,1000,dyn_theory,5.2162080953289385,-5.71109405917915,-2961
1000,17,1,3515,1000,dyn_theory,4.853102542330694,-9.37062118979893,-3464
1000,18,1,3066,1000,dyn_theory,5.001554897927006,-6.682969484109317,-3015
1000,19,1,3909,1000,dyn_theory,4.9952898436528885,-12.6802699528002,-3858
1000,20,1,3829,1000,dyn_theory,5.2621270375135785,-13.665135483582151,-3778
1000,2,1,3113,1000,dyn_theory,4.8027768794070695,-5.748908310370063,-3062
1000,3,1,3309,1000,dyn_theory,5.124181828829535,-8.825684086770298,-3258
1000,4,1,3110,1000,dyn_theory,5.010679737586242,-8.606044656200536,-3059
1000,5,1,3512,1000,dyn_theory,4.956299028673122,-8.539459960960444,-3461
1000,6,1,2925,1000,dyn_theory,5.2125720090976655,-7.675573728531011,-2874
1000,7,1,4228,1000,dyn_theory,5.2288456221564825,-10.080365611066611,-4177
1000,8,1,2740,1000,dyn_theory,5.203977808970065,-5.533018543270767,-2689
1000,9,1,3407,1000,dyn_theory,5.132328431802113,-10.192756063525694,-3356
1500,10,1,4511,1500,dyn_theory,7.530434106447764,-12.177005109907652,-4435
1500,11,1,4264,1500,dyn_theory,7.485234869283268,-14.44317462096653,-4188
1500,1,1,4010,1500,dyn_theory,7.407035308216757,-11.962493648257595,-3934
1500,12,1,4808,1500,dyn_theory,7.720987699608986,-11.981158295433977,-4732
1500,13,1,3871,1500,dyn_theory,7.208012862115621,-10.70090318100904,-3795
1500,14,1,5111,1500,dyn_theory,7.459754506484275,-14.107926648129112,-5035
1500,15,1,4339,1500,dyn_theory,7.394165820392464,-13.340612161796146,-4263
1500,16,1,4967,1500,dyn_theory,7.694197100467222,-12.629306288506918,-4891
1500,17,1,4632,1500,dyn_theory,7.541549750757086,-13.072766551554206,-4556
1500,18,1,5012,1500,dyn_theory,7.587499679734847,-15.6113068145294,-4936
1500,19,1,4822,1500,dyn_theory,7.481668130289414,-14.527932454180842,-4746
1500,20,1,5303,1500,dyn_theory,7.683166844877193,-15.37314127232651,-5227
1500,2,1,3840,1500,dyn_theory,7.28640635557928,-9.402418992731773,-3764
1500,3,1,5568,1500,dyn_theory,7.615989253700786,-13.337775123905084,-5492
1500,4,1,5356,1500,dyn_theory,7.693937126645866,-14.141505326124346,-5280
1500,5,1,4388,1500,dyn_theory,7.418795008029765,-10.409931607687906,-4312
1500,6,1,4371,1500,dyn_theory,7.622734221962094,-12.28542129960925,-4295
1500,7,1,3756,1500,dyn_theory,7.338469421425154,-11.921855041602742,-3680
1500,8,1,4116,1500,dyn_theory,7.634042660642963,-10.499579336389532,-4040
1500,9,1,4612,1500,dyn_theory,7.616102952931253,-10.350175147061305,-4536
2000,10,1,5975,2000,dyn_theory,9.844910633847725,-17.15974787718923,-5874
2000,11,1,5606,2000,dyn_theory,10.094838112124014,-14.294826239454345,-5505
2000,1,1,6697,2000,dyn_theory,10.091376861009708,-16.85364318786961,-6596
2000,12,1,5747,2000,dyn_theory,9.888896129538006,-18.396041405628267,-5646
2000,13,1,5838,2000,dyn_theory,10.464092743773273,-17.628971124265433,-5737
2000,14,1,5743,2000,dyn_theory,10.053617236813515,-12.54103818791031,-5642
2000,15,1,6181,2000,dyn_theory,9.966922217893234,-15.774514178793389,-6080
2000,16,1,7197,2000,dyn_theory,10.330482685742568,-18.413090271525153,-7096
2000,17,1,6830,2000,dyn_theory,9.914578290647968,-17.3023659010662,-6729
2000,18,1,6219,2000,dyn_theory,10.489726872849442,-17.942906902177054,-6118
2000,19,1,6342,2000,dyn_theory,10.068299503474375,-17.38655305363786,-6241
2000,20,1,6113,2000,dyn_theory,10.194763820649364,-15.104233719590253,-6012
2000,2,1,7271,2000,dyn_theory,10.040436848748948,-15.52066259221285,-7170
2000,3,1,8164,2000,dyn_theory,9.849875244282291,-17.781433157850437,-8063
2000,4,1,6332,2000,dyn_theory,10.371037079851666,-16.09186097037316,-6231
2000,5,1,6223,2000,dyn_theory,10.097939832780025,-15.45558770834665,-6122
2000,6,1,6323,2000,dyn_theory,10.256276931561176,-15.713353248260896,-6222
2000,7,1,5601,2000,dyn_theory,10.013245051128433,-15.622162555827625,-5500
2000,8,1,7299,2000,dyn_theory,10.10780992279884,-18.77658779510439,-7198
2000,9,1,7514,2000,dyn_theory,10.02834302762734,-17.895834790143947,-7413
500,10,1,1513,500,dyn_theory,2.5939094677252577,-3.300525321813021,-1487
500,11,1,1759,500,dyn_theory,2.7451348888419833,-4.833518557425453,-1733
500,1,1,1384,500,dyn_theory,2.4656833362715713,-3.8822982643249575,-1358
500,12,1,2178,500,dyn_theory,2.7176198314356212,-6.452058431203073,-2152
500,13,1,1704,500,dyn_theory,2.6859039999052117,-2.9079291958695412,-1678
500,14,1,1144,500,dyn_theory,2.5400035982772553,-2.5734413105873766,-1118
500,15,1,1109,500,dyn_theory,2.5707936864477117,-3.1124918499918484,-1083
500,16,1,1115,500,dyn_theory,2.5578105445752506,-2.742472326721551,-1089
500,17,1,1215,500,dyn_theory,2.582270428516558,-1.9139296003521131,-1189
500,18,1,1529,500,dyn_theory,2.4624972249972252,-4.903313734339279,-1503
500,19,1,1366,500,dyn_theory,2.8334927327574375,-4.287117144980917,-1340
500,20,1,1093,500,dyn_theory,2.6017449354910656,-2.2858277902008557,-1067
500,2,1,919,500,dyn_theory,2.698506771006771,-2.954655617542445,-893
500,3,1,1712,500,dyn_theory,2.476658526658527,-6.359120501388301,-1686
500,4,1,946,500,dyn_theory,2.635905760905761,-2.4714836370175246,-920
500,5,1,2185,500,dyn_theory,2.563926759514995,-4.25802588488571,-2159
500,6,1,1779,500,dyn_theory,2.50193642537096,-3.633658579669468,-1753
500,7,1,1462,500,dyn_theory,2.521925184425185,-4.325395259396468,-1436
500,8,1,1814,500,dyn_theory,2.4921374414327717,-4.290327193960994,-1788
500,9,1,1315,500,dyn_theory,2.7513834479933554,-4.0664963284854885,-1289
